Date	       Author                Title

30/08/2012	John Claridge	Another Time Another Place

25/09/2012	Craig Atkinson	Berlin Autobus

04/10/2012	John Claridge	Along The Thames

15/11/2012	John Claridge	The Salvation Army

12/12/2012	John Claridge	Peopled Streets

24/01/2013	John Claridge	East End Graphics

24/01/2013	David Levenson	British Rituals

25/01/2013	Craig Atkinson	Someone Else's Friends and Family

25/01/2013	Mark McNulty	Ten ’til Late

01/02/2013	Craig Atkinson	America 29.01.13

13/02/2013	David Levenson	The Burry Man

13/02/2013	Craig Atkinson	Preston Bus Station: Lost and Found

18/02/2013	John Claridge	Monoliths, Sculptures, Fun and Death

21/02/2013	Homer Sykes	Blitz Kids, Skins & Silver Spoons

04/03/2013	Joni Sternbach	Promise Land…

06/03/2013	Homer Sykes	Working Men: Club and Coal

14/03/2013	John Claridge	Coal Miners 1971

14/03/2013	David Levenson	British Rituals

27/03/2013	Tony Hall	East End Shops

02/04/2013	Tony Hall	East End Panoramas

02/04/2013	Various Artists, Authors and Publishers	2013 Project

09/04/2013	Homer Sykes	Brick Lane and Co: Whitechapel in the 1970s

13/04/2013	David Levenson	Britannia Coco-nut Dancers

23/04/2013	John Claridge	Afternoons Well Spent

26/04/2013	Homer Sykes	A Tinker’s Tale

29/04/2013	J A Mortram	Electric Tears and All Their Portent

09/05/2013	Frank Höhne	Believe: Another Essay On God

13/05/2013	John Claridge	The Gorbals

14/05/2013	Phil Maxwell	South Liverpool 1976 - 1982

23/05/2013	John Claridge	Scottish Landscapes

30/05/2013	Tony Hall	East End Pubs & Markets

30/05/2013	Craig Atkinson / In Certain Places	Revisiting Utopia: Modernist Architecture in the Post-regenerate City

05/06/2013	Phil Maxwell	Whitechapel 1983 -1999

10/06/2013	Craig Atkinson	Someone Else’s Skiing Holiday

13/06/2013	John Claridge	The Industrial Past

20/06/2013	Homer Sykes	Stonehenge:1970’s Counterculture

27/06/2013	Craig Atkinson	Alexandra Road Estate 

27/06/2013	Luke Overin	Kings of Grey

11/07/2013	Jeremy Sutton-Hibbert	The Common Riding

18/07/2013	Peter Dench	Suited and Booted 

23/07/2013	Craig Atkinson	Someone Else's Summer in Moritz

25/07/2013	Phil Maxwell	Underground

01/08/2013	Craig Atkinson	London Barbican

15/08/2013	Homer Sykes	Toff’s Hat Flat Cap

19/08/2013	J A Mortram	Living With Epilepsy

22/08/2013	Craig Atkinson	London Circus

22/08/2013	Craig Atkinson	London, Nine Miles from Hounslow

26/08/2013	Homer Sykes	Once a Year: 1970s Folklore in Britain 

29/08/2013	John Darwell	Sheffield Tinsley Viaduct

05/09/2013	Hugh Hood	Glasgow, The River Underground

12/09/2013	Craig Atkinson	Preston Bus Station: Pie and Blow Dry

19/09/2013	Brian David Stevens	Tyburn Hemp

26/09/2013	Craig Atkinson / In Certain Places	Harris Flights

03/10/2013	David J Carol	“Where’s The Monkey?”

07/10/2013	John Darwell	Sheffield Meadowhall, Hyde Park, Ponds Forge

10/10/2013	John Claridge	Vintage London

13/10/2013	Hugh Hood	Glasgow Streets

17/10/2013	John Claridge	Ribble Steam Railway

17/10/2013	Craig Atkinson	Alexandra Road Estate 

23/10/2013	Libby Hall	Leiston, Suffolk 1966

30/10/2013	Craig Atkinson	London, Trellick Tower

20/11/2013	Homer Sykes	Once a Year: Folklore in Britain Now

27/11/2013	Phil Maxwell	Old Ladies of Whitechapel

04/12/2013	Matthew Birchall	Photographs Converted into Morse Code

05/12/2013	Tilney1	Red Neck Land

05/12/2013	Hugh Hood	Glasgow Streets The New Era

08/12/2013	Craig Atkinson	London Barbican

19/12/2013	J A Mortram	Small Town Inertia Diary Entries

09/01/2014	Craig Atkinson	Preston Bus Station Exit Town Centre

30/01/2014	Stephen McCoy	Skelmersdale 1984

06/02/2014	John Darwell	Grangemouth and the Forth Estuary

13/02/2014	Geoff Howard	Rotherhithe Photographs

20/02/2014	Brian David Stevens	Mayday

27/02/2014	Tim Soter	Electronic Music New York City 1995

06/03/2014	Homer Sykes	Saltaire 1981 Still a Model Mill Village

13/03/2014	Craig Atkinson	Preston Bus Station Up and Over

20/03/2014	Joni Sternbach	The Passengers

27/03/2014	David J Carol	“Here’s the Deal…”

03/04/2014	Various Artists and Authors	Index

03/04/2014	Stewart Weir	Brighton Beach

10/04/2014	David Levenson	Annual General Meeting

17/04/2014	Geoff Howard	Recreation and Romance 1970’s London

17/04/2014	Hugh Hood	Glasgow 1974-1978

24/04/2014	George Plemper 	Sunderland and South Shields in the 1980’s

24/04/2014	Tony Bock	Social Landscapes London in the 1970s

01/05/2014	Grant Scott	Crash Happy

08/05/2014	Craig Atkinson	Preston Bus Station Babies, Ladies and Gentlemen

15/05/2014	John Claridge	Israel 1967

22/05/2014	Jonathan Mortimer	Modernist Revival

29/05/2014	Allan Bovill	Glasgow Steamies

05/06/2014	Stephen Clarke	Ocean Beach Rhyl

12/06/2014	Claire Atkinson	Manchester 42 Bus

19/06/2014	Craig Atkinson	Bristol 04.13

26/06/2014	John Darwell	Sheffield Things Seen Whilst Wandering Around Attercliffe

03/07/2014	Craig Atkinson	London Barbican

03/07/2014	Stephen McCoy	Housing Estates 1979–1981

10/07/2014	Tony Bock	Social Landscapes Britain in the 1970s

17/07/2014	Dafydd Jones	Social X-rays New York

24/07/2014	Brian David Stevens	Notting Hill Sound Systems 

31/07/2014	Geoff Howard	North of Barnet

07/08/2014	Jonathan Mortimer	Modernist Revival

07/08/2014	Arthur Tress	Egypt 1963 One

07/08/2014	Arthur Tress	Egypt 1963 Two

14/08/2014	Brian David Stevens	Notting Hill Sound Systems 

14/08/2014	Marc Vallée 	Millbank and That Van

21/08/2014	Geoff Howard	Holy Ireland Croagh Patrick

28/08/2014	Craig Atkinson	Robin Hood Gardens

04/09/2014	Justin Leighton	Barbórka 1993

11/09/2014	Daniel Zvereff	Stanhope

18/09/2014	John Claridge	New York in the 70s

25/09/2014	Craig Atkinson	No foursomes allowed at peak periods, in Scarborough

25/09/2014	Craig Atkinson	London, Trellick Tower

01/10/2014	Craig Atkinson	Alexandra Road Estate 

02/10/2014	George Plemper	Thamesmead and Abbey Wood 1977 - 1982 

09/10/2014	John Darwell	Sheffield The Remains of Some Buildings Around the Don Valley

16/10/2014	David J Carol	“All My Pictures Look the Same”

23/10/2014	John Stoddart	Liverpool Flags and Badges

30/10/2014	Brian David Stevens	Billy Childish

01/11/2014	Craig Atkinson	London Circus

06/11/2014	Justin Leighton	Berlin 09.11.89

10/11/2014	Homer Sykes	MEXICO 1973 Mazatlan and Heading South

13/11/2014	Tony Bock	Social Landscapes East London in the 1970s

27/11/2014	David Walker 	Spectators

01/12/2014	Craig Atkinson	London Barbican

01/12/2014	Craig Atkinson	London, Trellick Tower

01/12/2014	Craig Atkinson	Alexandra Road Estate 

04/12/2014	Stewart Weir	After the Fall Afghanistan 2002

11/12/2014	George Plemper	Thamesmead Riverside School 1976 - 1978 One 

18/12/2014	John Darwell	Sheffield in Transition

08/01/2015	Daniel Meadows	Stockport Gypsies 1971

15/01/2015	Patrick Ward	Manplan One

22/01/2015	Homer Sykes	Biddy Boys Ireland 1972

29/01/2015	Craig Atkinson	Preston Market

12/02/2015	Ken Grant	Shankly One

12/02/2015	George Plemper	Thamesmead Riverside School 1976 - 1978 Two 

19/02/2015	Daniel Meadows	Bancroft Shed Weaving 1976

26/02/2015	Stephen McCoy	“Keep off Sexy Drugs” Southport

05/03/2015	Craig Atkinson	University of Leeds

12/03/2015	Colin Thomas	Wrexham Leisure 1982 - 1984

19/03/2015	Daniel Meadows	Bancroft Shed Engine House 1976

26/03/2015	Peter Dench	Trawlermen 

26/03/2015	Craig Atkinson	Robin Hood Gardens

02/04/2015	Stephen Clarke	Rhyl Seafront

09/04/2015	Derek Hudson	Millennium Britain

16/04/2015	Daniel Meadows	Weldone Boiler Fluers 1976-1977

23/04/2015	Homer Sykes	Made in Roath

23/04/2015	Craig Atkinson	Balfron Tower

30/04/2015	Daniel Meadows	Steeplejack 1976

07/05/2015	Patrick Ward	Manplan Two

14/05/2015	Ken Grant	Shankly Two

21/05/2015	Craig Atkinson	Alexandra Road Estate. Detail

28/05/2015	Daniel Meadows	Pig Killing 1975—1976

04/06/2015	Stephen Clarke	Rhyl Caravan Parks

11/06/2015	Craig Atkinson	Alexandra Road Estate. Park & Plant

18/06/2015	Martin Parr	Chinatown 1984

25/06/2015	Daniel Meadows	Welfare State International 1976—1983

09/07/2015	Ken Grant	One Day in July near Cable Street Southport

16/07/2015	Homer Sykes	Running Riots and the Days After

23/07/2015	Daniel Meadows	Clayton Ward 1978

23/07/2015	Daniel Meadows	Eight Stories box set

30/07/2015	Johny Pitts	The Thames Path

06/08/2015	Matthew Murray	Plesure In Leisure 

13/08/2015	Homer Sykes	My Britain 1970—1980s

20/08/2015	Patrick Ward	The Miners

27/08/2015	Colin McPherson	Sancta Maria Abbey, Nunraw

03/09/2015	Simon Roberts	Boxing Boys Britain 1997–1999

10/09/2015	Brian David Stevens	Haslingfield Scarecrows

17/09/2015	Sophie Gerrard	Tunnock’s

24/09/2015	Stephen McLaren	Dookits

24/09/2015	Document Scotland	Document Scotland 2015 box set

01/10/2015	Stephen McCoy	Personal Space

05/10/2015	Homer Sykes	"My Britain 1970—1980s Second Print"

08/10/2015	Jeremy Sutton-Hibbert	North Sea Fishing

15/10/2015	Homer Sykes	Sloanes and Rahs

22/10/2015	Jeremy Sutton-Hibbert	Nelson Mandela — Glasgow 1993

05/11/2015	Ken Grant	From the Provy to the Derry

12/11/2015	Homer Sykes	The Troubles Northern Ireland

19/11/2015	Jeremy Sutton-Hibbert	Klondykers Shetland 1994

26/11/2015	John Darwell	"The Dark River box set

The Dark River Bolton — Farnworth

The Dark River Kearsley — Clifton

The Dark River Kearsley Power Station

The Dark River Clifton — Death Valley — Agecroft

The Dark River Agecroft — Salford

Reflections on Dark River — Paul Herrmann"

03/12/2015	Patrick Ward	Dirty Dozen

03/12/2015	John Darwell	The Dark River Bolton — Farnworth

03/12/2015	John Darwell	The Dark River Kearsley — Clifton

10/12/2015	Paul Herrmann	Reflections on Dark River

10/12/2015	Stephen McCoy	Archaeology of a Carpet

11/12/2015	Various	Archive One box set

17/12/2015	Tony O’Shea	Christmas Turkey Market, Dublin 1990—1993

07/01/2016	Paul Glazier	Vatersay 1985

14/01/2016	Homer Sykes	Patrick Procktor and Friends

21/01/2016	Tricia Porter	South Liverpool Docks 1985

28/01/2016	Craig Atkinson	The Tetley Archive

28/01/2016	Des Gershon	Balsall Heath Birmingham 1970

04/02/2016	Ian Beesley	Esholt Sewage Works Bradford 1977—78

11/02/2016	David Williams	The Royal Wedding 1981

18/02/2016	David Solomon	M11 Link Road Protest

25/02/2016	Michael Kerstgens	The Miners 1984

01/03/2016	David Leveson	Slightly Unusual

03/03/2016	Craig Atkinson	Point and Stare

03/03/2016	Colin Thomas	Dog Days Ceredigion

10/03/2016	Tricia Porter	Selborne 1980—1982

10/03/2016	Ian Pollock	Lao Tzu Two

17/03/2016	Colin Shaw	Jewellery Quarter

24/03/2016	John Darwell	The Dark River Kearsley Power Station

07/04/2016	Iain McKell	Weymouth '76—'77 The Watchers

14/04/2016	Alejandro Guijarro	Momentum Series

21/04/2016	Jeremy Sutton-Hibbert	Shipbuilding on The River Clyde

28/04/2016	Victor Sloan	Northern Ireland One

28/04/2016	Homer Sykes	Eton a Private Public School

05/05/2016	Ian Beesley	Through the Mill

12/05/2016	John Stoddart	Liverpool: Before the Exodus

19/05/2016	Paddy Summerfield	Weekend Away

26/05/2016	Tricia Porter	Industry Year 1986

26/05/2016	Kottie Paloma	Future Failures

02/06/2016	Colin Shaw	Farm Work

09/06/2016	Martin Parr	Yates's

16/06/2016	Colin Thomas	Birkenhead 1985

23/06/2016	Iain McKell	Weymouth '76—'77 Beach

30/06/2016	John Darwell	"The Dark River

Clifton — Death Valley

 Agecroft"

30/06/2016	Craig Atkinson	Spanish Serviettes

07/07/2016	David Hoffman	East End Dancers and Chancers

14/07/2016	Stuart Franklin	Anti Austerity

21/07/2016	John Claridge	India in the 1970s

28/07/2016	John Deakin	Impossible Accidents

04/08/2016	Victor Sloan	Northern Ireland Two

18/08/2016	Various	Archive Two box set

11/08/2016	Dave Sinclair	YTS School Children’s Strike Liverpool 1985

18/08/2016	John Claridge	Whitechapel Bell Foundry

18/08/2016	Ian Beesley	The Drift

26/08/2016	Daniel Meadows	The Shop on Greame Street 1972

26/08/2016	Thierry Girard	East End ’76 Poplar Hackney

01/09/2016	Colin Thomas	Mersey Passion Play

01/09/2016	Sofia Drescher	Visa Run

08/09/2016	George Rodger	Land Rover 1950s

15/09/2016	Steve Clarke	St Helens

22/09/2016	Patrick Ward	The English at Play

29/09/2016	John Darwell	The Dark River — Agecroft — Salford

06/10/2016	Victor Sloan	Northern Ireland Three

13/10/2016	Dafydd Jones	The Sleepers

20/10/2016	Iain McKell	Weymouth '76—'77 Night

20/10/2016	Iain McKell	Weymouth '76—'77 and Around

27/10/2016	Gilles Rigoulet	"England About and Flat Out ‘78-’83"

03/11/2016	Patrick Ward	Bonfire Societies

17/11/2016	David Titlow	Darts and Minds

17/11/2016	Homer Sykes	"My Britain 1970—1980s Third Print"

24/11/2016	Iain McKell	Weymouth ’76—'77 Men and Women

24/11/2016	Iain McKell	Weymouth ’76—'77 Box Set

01/12/2016	Patrick Ward	The English at Play Again

08/12/2016	Gilles Rigoulet	England Reading ‘78

15/12/2016	Homer Sykes	On the Road Again 1969 & 1971

12/01/2017	Ed Templeton	Lick

19/01/2017	Barry Lewis	Butlins Holiday Camp 1982

26/01/2017	Thierry Girard	East End ’76 — Hackney

26/01/2017	John Bulmer	Hartlepool 1960s

02/02/2017	Roger Tilley	The Valleys in the 1990s 1

09/02/2017	Ricky Adam	Bins Bogs and Burials

23/02/2017	Barry Pitman	The Great Kemp Town Pram Race 1979

09/03/2017	David Hurn	California

23/03/2017	Charlie Phillips	Notting Hill in the 60s

23/03/2017	Charlie Phillips	Notting Hill in the 60s second print

30/03/2017	Simon Roberts	The Gary Friars of Canning Town

06/04/2017	Martin Parr	Abandoned Morris Minors of the West of Ireland

13/04/2017	Barry Lewis	Blackpool 1984–1989

13/04/2017	Barry Lewis	Blackpool 1984–1989 Second Print

20/04/2017	Barry Lewis	Coming and Going London 1977

27/04/2017	Thierry Girard	East End '76 Tower Hamlets

04/05/2017	Mike England	London Charivari 1980–1985

11/05/2017	Gilles Rigoulet	Rituals

11/05/2017	Barry Lewis	Butlins Holiday Camp 1982 Second Print

18/05/2017	Tony O'Shea	Italia 90 Dublin

25/05/2017	Luis Bustamante	Kingston upon Hull 1970s

01/06/2017	John Bulmer	Manchester 1970s

08/06/2017	Ian Beesley	Streetlife Bradford 1970s–1980s

15/06/2017	Tricia Porter	Portraits of People in a Dying Community - Liverpool 1972

22/06/2017	John Walmsley	Sit-in, Guildford School of Art, 1968

22/06/2017	Mike Redmond & Faye Coral Johnson	Frog on Frog

29/06/2017	Homer Sykes	The Grunwick Dispute 1977 “We are the Lions”

06/07/2017	Roger Tilley	The Valleys in the 1990s 2

13/07/2017	Luis Bustamante	Kingston upon Hull 1970s, On Holiday

20/07/2017	David Hurn	Wales 1970s

20/07/2017	David Hurn	Wales 1970s–2010s box set

27/07/2017	Janine Wiedel 	Black Power Black Panthers 1969

27/07/2017	Brian David Stevens	Notting Hill Sound Systems 2

03/08/2017	Tony O’Shea	Border Roads 1990–1994

10/08/2017	Homer Sykes	The Battle of Lewisham 1977

17/08/2017	Teena Taylor	Travellers 1987

17/08/2017	Janine Wiedel 	Black Power Black Panthers 1970

31/08/2017	Geoff Howard	Rotherhithe Photographs

31/08/2017	Geoff Howard & Peter Gazey	Rotherhithe London

07/09/2017	Roger George Clark	Richmond’s Magical Funfairs 1980s

14/09/2017	Michael Kerstgens	Final Winter of the USSR

21/09/2017	Bernard Plossu	Waiting for the Boats

28/09/2017	Ian Beesley	Tetley Brewery Leeds

28/09/2017	David Hurn	Wales 1980s

28/09/2017	John Walmsley	Architectural Association School of Architecture 1975

28/09/2017	Janine Wiedel 	Black Power Black Panthers 1970

28/09/2017	Stephen McCoy	Housing Estates 1979–1981

28/09/2017	Stephen McCoy	Skelmersdale 1984

05/10/2017	Wally Cassidy	Smithfield Horse Fair Dublin 90-93

12/10/2017	Janine Wiedel 	Smiths’ Drop Forge Birmingham 1977

19/10/2017	John Myers	The End of Manufacturing

26/10/2017	Tony O’Shea	“Never Forget”

26/10/2017	John Kippin	The Forest Kielder Northumberland

02/11/2017	Homer Sykes	"My Britain 1970—1980s Fourth Print"

02/11/2017	Homer Sykes	Biddy Boys Ireland 1972

02/11/2017	Chris Killip	Askam-in-Furness 1982

09/11/2017	John Walmsley	Summerhill School 1968

16/11/2017	David Hurn	Wales 1990s

23/11/2017	Wally Cassidy	Dublin Punks

30/11/2017	Jo Spence	Gypsies and Travellers 1970s Homelife

30/11/2017	Jo Spence	Gypsies and Travellers 1970s Box set

30/11/2017	Jo Spence	Gypsies and Travellers 1970s TEXT

07/12/2017	Ian Beesley	Castle Market Sheffield

07/12/2017	Homer Sykes	Puppy Farming in Wales in the 1980s

14/12/2017	David Hurn	Wales 2000s

21/12/2017	Dafydd Jones	The Sleepers

21/12/2017	Janine Wiedel 	Iron and Steel West Midlands 1978

21/12/2017	Janine Wiedel 	Black Power Black Panthers 1970

21/12/2017	Phil Winnard	Marching Down Pit Road 1984

11/01/2018	Jo Spence	Gypsies and Travellers 1970s Men

18/01/2018	David Hurn	Wales 2010s

25/01/2018	Phil Maxwell	Cheshire Street East London 1982–2005

25/01/2018	Neil Martinson	Hackney 1970s–1980s

01/02/2018	Daniel Meadows	Testimony February 1987

08/02/2018	Steve Clarke	Newport Snow 1985 

15/02/2018	Brian Griffin	England 1970s

15/02/2018	Brian Griffin	England 1970s

22/02/2018	Paddy Summerfield	Distant Times

22/02/2018	Tony O’Shea	“Never Forget”

22/02/2018	Luis Bustamante	Kingston upon Hull 1970s

22/02/2018	Luis Bustamante	Kingston upon Hull 1970s, On Holiday

28/02/2018	John Walmsley	Grosvenor Square Vietnam War Demo 17.03.68

28/02/2018	David Levenson	The Burry Man

08/03/2018	Tricia Porter	Some Kids in Liverpool 8 1974

15/03/2018	Tony O'Shea	“Ways of the Cross”

22/03/2018	Janine Wiedel 	Coal Mining West Midlands 1978

22/03/2018	Jean-luc Olezak	England South 1985–1992

22/03/2018	Victor Sloan	Northern Ireland One

22/03/2018	Victor Sloan	Northern Ireland Three

22/03/2018	Victor Sloan	Northern Ireland Two

22/03/2018	David Levenson	British Rituals

22/03/2018	David Levenson	Britannia Coco-nut Dancers

29/03/2018	Daniel Meadows	Grafitti 1971–1983

05/04/2018	Homer Sykes	Chiswick Women’s Aid The Palm Court Hotel Richmond 1975

12/04/2018	Tish Murtha	Newport Tip 1978

12/04/2018	Tish Murtha	Newport Doc Photo Class of ‘78

12/04/2018	Tish Murtha	Newport Doc Photo Class of ’78 BOX SET

19/04/2018	Bill Jay	British Photographers Photographed

19/04/2018	Martin Parr 	Prestwich Mental Hospital 1972

26/04/2018	Chris Killip	Isle of Man TT Races 1971

22/06/2017	John Walmsley	Sit-in, Guildford School of Art, 1968

03/05/2018	Neil Martinson	Once Every 28 Years Hackney Hasidim Welcome the Sun 1981

10/05/2018	Paul Trevor	Street Level

17/05/2018	Brian Griffin	Moscow 1974

24/05/2018	Steve McCoy	Plight of the Trolley 1990

24/05/2018	David Hurn	Wales Steel & Coal

31/05/2018	Jo Spence	Gypsies and Travellers 1970s Childhood

07/06/2018	Chris Killip	Isle of Man TT Races 1971

07/06/2018	Tish Murtha	Queen’s Silver Jubilee Newport 1977

14/06/2018	Rose Comiskey 	Reagan Protest Dublin 1984

14/06/2018	Ron McCormick	Whitechapel 1970s Part One

21/06/2018	John Benton Harris	The English

28/06/2018	Janine Wiedel 	Chainmaking The Black Country, West Midlands 1977

28/06/2018	John Claridge	New York in the 70s

28/06/2018	John Claridge	Coal Miners 1971

28/06/2018	John Claridge	Whitechapel Bell Foundry

28/06/2018	John Claridge	Peopled Streets

28/06/2018	John Claridge	The Gorbals

28/06/2018	John Claridge	The Industrial Past

28/06/2018	John Claridge	East End Graphics

28/06/2018	John Claridge	Another Time Another Place

28/06/2018	John Claridge	Along The Thames

28/06/2018	John Claridge	The Salvation Army

28/06/2018	John Claridge	Monoliths, Sculptures, Fun and Death

28/06/2018	Tony O’Shea	Italia 90 Dublin

28/06/2018	Tony O’Shea	Border Roads

28/06/2018	David Hurn	Wales 1970s

28/06/2018	David Hurn	Wales 1980s

28/06/2018	David Hurn	Wales 1990s

28/06/2018	David Hurn	Wales 2000s

28/06/2018	David Hurn	Wales 2010s

28/06/2018	David Hurn	California

28/06/2018	David Hurn	Wales 1970s–2010s box set

28/06/2018	David Hurn	Wales Steel & Coal

05/07/2018	Ian MacDonald	Greatham Creek

05/07/2018	Diane Bush	The Brits England in the 1970s

12/07/2018	Tony O’Shea	Stories From Ireland 1980–2000 box set

19/07/2018	Ron McCormick	Whitechapel 1970s Part Two

19/07/2018	Ian Walker	A Royal Wedding in Newport

26/07/2018	Steve McCoy	Housing Estates Set 4. 1985

26/07/2018	Sefton Samuels	Jazz Legends

09/08/2018	Janine Wiedel 	Industry, West Midlands 1977–1979

09/08/2018	Janine Wiedel 	Industries The West Midlands 1977–1979

16/08/2018	Peter Marshall	Notting Hill Carnival in the 1990s

16/08/2018	Tish Murtha	Army Snow Clearance Bridgend 1978

23/08/2018	Paul Trevor	India Road

23/08/2018	Paul Baldesare	Down the Tube (Travellers on the London Underground) 1987-1900

30/08/2018	Barry Lewis	Soho 1990

30/08/2018	Wally Cassidy	Féile The Trip to Tip

30/06/2016	Craig Atkinson	Spanish Serviettes

06/09/2018	Shirley Baker	British Seaside 1960–1970

06/09/2018	Shirley Baker	Manchester and Salford Children in the 1960s

06/09/2018	Shirley Baker	Manchester and Salford Children in the 1960s

13/09/2018	Shirley Baker	Manchester and Salford on Holiday in the 1960s

13/09/2018	Shirley Baker	Manchester and Salford on Holiday in the 1960s

13/09/2018	Shirley Baker	Punks 1980s

20/09/2018	Bob Watkins	The English Way English Carnival Pictures 1992–2008

27/09/2018	Homer Sykes	Broken Dolls Kilburn 1967

04/10/2018	Peter Jones	Wales

11/10/2018	John Walmsley	Wester Hailes 1979

18/10/2018	Mark Pinder	Easington 1987–1993

18/10/2018	Bob Watkins	Stauesque

25/10/2018	Wally Cassidy	Dublin City 1989-93

25/10/2018	Ron McCormick	Triumph Workers Lock-In  1974

01/11/2018	Janine Wiedel 	The Potteries Stoke-on-Trent 1978

08/11/2018	Peter Marshall	 The River Hull 1977–1985

15/11/2018	Diane Bush	The Brits 2

22/11/2018	Paul Baldesare	Victoria Coach Station 1991-1993

29/11/2018	Bob Watkins	London Lives

13/12/2018	Paul Trevor	Sleeper

10/12/2018	Tony O’Shea	Christmas Turkey Market, Dublin 1990—1993

13/12/2018	Dragan Novaković	Burnley 1970s

13/12/2018	Steve McCoy	Christmas Cribs

13/12/2018	Dragan Novaković	Huddersfield & Halifax 1960s–70s

10/01/2019	Janine Wiedel 	Jewellery Quarter Birmingham 1977

17/01/2019	Steve Clarke	Mailboxes San Diego 1986–1987

17/01/2019	Jeremy Sutton-Hibbert 	Longannet Colliery 2001

24/01/2019	Tony O’Shea	South Kerry Regattas

24/01/2019	Ian Beesley	Football Fans

31/01/2019	Dragan Novaković	Manchester & Oldham 1970s

31/01/2019	Ken Grant	Shankly One

31/01/2019	Ken Grant	Shankly Two

31/01/2019	Ken Grant	From the Provy to the Derry

31/01/2019	Ken Grant	One Day in July near Cable Street Southport

07/02/2019	Peter Marshall	Peter Marshall — The Streets of Hull 1979–85

14/02/2019	Rose Comiskey 	Travellers’ Rights March Dublin 1985

21/02/2019	Dafydd Jones	Sensation

28/02/2019	Homer Sykes	Darby and Joan Blind Dance Class London 197

28/02/2019	Homer Sykes	Druids 1996 London, Wiltshire, Oxfordshire

28/02/2019	Hugh Hood	Glasgow Streets

28/02/2019	Hugh Hood	Glasgow Streets The New Era

28/02/2019	Hugh Hood	Glasgow, The River Underground

07/03/2019	Chris Steele-Perkins	Wolverhampton 1978

07/03/2019	Steve McCoy	Housing Estates Box Set

14/03/2019	Chris Killip	Huddersfield 1974

14/03/2019	John Benton Harris	St Patrick’s People

21/03/2019	Steve McCoy	Demolition Sites 1981–1986 Liverpool & Preston

21/03/2019	Brian David Stevens	Notting Hill Sound Systems 

28/03/2019	Janine Wiedel 	People’s Park Berkeley Riots 1969

28/03/2019	Homer Sykes	Blair Peach’s funeral

14/04/2016	Alejandro Guijarro	Momentum Series second ed

04/04/2019	Peter Marshall	Pride Not Profit London 1993-2000

11/04/2019	Ian Beesley	Undercliffe Cemetery

18/04/2019	Steve Clarke	Typography San Diego 1986–1987

18/04/2019	Dragan Novaković	London Leisure 1970s

25/04/2019	Diane Bush	Even More Brits England in the 1970s

25/04/2019	Dragan Novaković	London Streets 1970s

02/05/2019	Dafydd Jones	Butlins 1979

07/05/2019	ARCHIVE 3	Archive Three Box Set

16/05/2019	David Hoffman	Barbican 1975

16/05/2019	Trevor Ashby	England 1970–1990 On The Move

23/05/2019	Jean-luc Olezak	London, Brighton & Margate 1985–1992

30/05/2019	Steve McCoy	Housing Estates set 1. 1979

06/06/2019	Brian Homer	WELD Carnival Handsworth 1979

06/06/2019	Janette Beckman	Raw Punk Streets UK 1979-1982

13/06/2019	Dragan Novaković	London Trade 1970s

20/06/2019	Paddy Summerfield	Once England

27/06/2019	Bob Watkins	Of Hope and Glory England in the 1970s & 80s

04/07/2019	Claude Le Gall	Puck Fair Killorglin Ireland 1984–1992

04/07/2019	Jeremy Sutton-Hibbert 	Scottish Orange Walks 1993–1998

11/07/2019	Homer Sykes	The Toxteth Riots 1981

18/07/2019	John Kippin	The Coaly Tyne 1980s

25/07/2019	Craig Atkinson	Preston Bus Station Dead and Buried

25/07/2019	Peter Marshall	Before the Olympics - Stratford Marsh 1982-92

08/08/2019	Mike Goldwater	Bangladesh Floods 1999

15/08/2019	Steve McCoy	River to River the Coastline Mersey to Douglas 1985–1990

	Stephen Fowler	Rubber Stamps Box Set

22/08/2019	Richard Davis	Hulme 1980s–1990s

22/08/2019	Ian Beesley	Kirkstall Forge Leeds 2002

29/08/2019	Janine Wiedel 	Greenham Common Women’s Peace Camp

05/09/2019	John Darwell	Sheffield in Transition 1988–89

06/09/2019	John Darwell	Sheffield in Transition

07/09/2019	John Darwell	Sheffield Meadowhall, Hyde Park, Ponds Forge

08/09/2019	John Darwell	Sheffield The Remains of Some Buildings Around the Don Valley

09/09/2019	John Darwell	Sheffield Things Seen Whilst Wandering Around Attercliffe

10/09/2019	John Darwell	Sheffield Tinsley Viaduct

05/09/2019	Ian MacDonald	Quoits Esk Valley 1970s

12/09/2019	John Davies	Durham Coalfield 1983

19/09/2019	John Walmsley	Anna Scher Children’s Theatre North London 1972

19/09/2019	Craig Atkinson	PBS Box Set

19/09/2019	Craig Atkinson	Preston Bus Station Babies, Ladies and Gentlemen

19/09/2019	Craig Atkinson	Preston Bus Station Exit Town Centre

19/09/2019	Craig Atkinson	Preston Bus Station Up and Over

19/09/2019	Craig Atkinson	Preston Bus Station: Lost and Found

19/09/2019	Craig Atkinson	Preston Bus Station: Pie and Blow Dry

26/09/2019	Trevor Ashby	England 1970–1990 Work & Play

26/09/2019	John Benton Harris	Children of the troubles Northern Ireland

03/10/2019	Brian Homer	Saltley Birmingham 1978

10/10/2019	Robin Weaver	South Wales in the 1970s

17/10/2019	Colin McPherson	Berlin After The Wall 1992–94

24/10/2019	Janette Beckman	Mods & Rockers Raw Streets UK 1979–1982

24/10/2019	Steve McCoy	Skelmsdale Landscapes 1984

07/11/2019	Syd Shelton	Crowds 1977–1981

14/11/2019	Roger Birch	Todmorden 1980s

14/11/2019	Chris Steele-Perkins	Brixton 1973–1975

21/11/2019	Steve McCoy	Housing Estates set 2

28/11/2019	Lionel Derimais	London 1982. One

28/11/2019	Homer Sykes	Stonehenge:1970’s Counterculture

28/11/2019	Ian Beesley	Esholt Sewage Works Bradford 1977—78

05/12/2019	Lionel Derimais	London 1982. Two

05/12/2019	Lionel Derimais	London 1982. Three

12/12/2019	Steve Clarke	San Diego Topographics 1 1986–1987

12/12/2019	Mark McNulty	Ten 'til Late

19/12/2019	Kevin O’Farrell	Bathing Places Ireland 1987–1988

19/12/2019	Steve Clarke	San Diego Topographics 2 1986–1987

09/01/2020	John Darwell	Sheffield in Transition 1988–89

09/01/2020	John Darwell	Sheffield Meadowhall, Hyde Park, Ponds Forge

09/01/2020	John Darwell	Sheffield The Remains of Some Buildings Around the Don Valley

09/01/2020	John Darwell	Sheffield Things Seen Whilst Wandering Around Attercliffe

09/01/2020	John Darwell	Sheffield Tinsley Viaduct

09/01/2020	John Darwell	Sheffield in Transition

09/01/2020	Chris Killip	The Seaside 1975–1981

16/01/2020	Mike Goldwater	China Coal 2007

23/01/2020	Kevin O’Farrell	Cork City Singles 1992

30/01/2020	Janine Wiedel 	Saintes Maries Gypsy Festival Camargue 1974

30/01/2020	Barry Lewis	Albania in Isolation 1990

06/02/2020	Barry Lewis	Albania in Transition 1991

13/02/2020	Richard Davis	Tales From The Second Cities Manchester 1980s

20/02/2020	Amelia Troubridge	Urban Cowboys Dublin 1996

27/02/2020	Simon Pope	City Kids London 1973–1975 One

27/02/2020	Simon Pope	City Kids London 1973–1975 Two

28/03/2019	Janine Wiedel 	People’s Park Berkeley Riots 1969

05/03/2020	Janette Beckman	Hip Hop Years New York 1982–1992

12/03/2020		The East End Archive 

12/03/2020	Diane Bush	London East End

12/03/2020	Mike Seaborne	London’s Docklands

12/03/2020	Tom Hunter	Down The Lane

12/03/2020	Brian Griffin	The Broadgate Development

19/03/2020	John Benton Harris	Children of the troubles Northern Ireland

26/03/2020	Dafydd Jones	Sensation

02/04/2020	Wendy Aldiss	Radcliffe Infirmary Hospital Oxford 1993–95

09/04/2020	Marketa Luscakova	Chiswick Women’s Aid 1976–77

16/04/2020	John Benton Harris	Walking New York

23/04/2020	Claude Le Gall	Shearing of The Beasts Galicia 1988–2019

30/04/2020	Kevin O’Farrell	Northern Ireland 1978–1979

07/05/2020	Steve McCoy	Housing Estates Set 3. 1981–1983

14/05/2020	Barry Lewis	Moscow December 1982

21/05/2020	Stephen Clarke	South Wales Housing Estate 1986

28/05/2020	Joe Sterling	Obair Chrua Inis Mhic Cionnaith 1991

28/05/2020	Joe Sterling	Obair Chrua Inis Mhic Cionnaith 2006–2018

04/06/2020	Graham Macindoe	Ballinasloe Horse Fair 1988

11/06/2020	Martin Parr	The British Seaside 

18/06/2020	Colm Pierce	Sheriff Street Dublin 1989 One

18/06/2020	Colm Pierce	Sheriff Street Dublin 1989 Two

25/06/2020	Janine Wiedel 	Iran 1976

02/07/2020	Amelia Troubridge	Manchester 1997–2001

09/07/2020	Shirley Baker	Golden Age 1960s–1980s

16/07/2020	Frank Stewart	Jazz

23/07/2020	Mark Pinder	Newcastle West End: Elswick to Newburn

30/07/2020	Pogus Cesar	Handsworth Riots 1985

06/08/2020	Chris Miles	Notting Hill Carnival 1974

13/08/2020	Dorothy Bohm	London Street Markets 1960s–1970s

20/08/2020	Dafydd Jones	Burning Boats 1981–1987

20/08/2020	Ricky Adam	Belfast Docks 2000

27/08/2020	Chris Killip	Shipbuilding on Tyneside 1975–1976

17/09/2020	Judah Passow	Divis Flats Belfast 1982

10/09/2020	Richard Davis	Tales From The Second Cities Birmingham 1980s

17/09/2020	Syd Shelton	West Belfast 1979

24/09/2020	Janette Beckman	Living for the City New York 1994–2009

29/09/2020	Paul Cabuts	South Wales Monuments and Transmissions 1996–2004

June 2020	Simon Pope	City Kids London 1973–1975 One

June 2020	Simon Pope	City Kids London 1973–1975 Two

June 2020	Janine Wiedel 	Black Power Black Panthers 1969

June 2020	Janine Wiedel 	Smiths’ Drop Forge Birmingham 1977

June 2020	Shirley Baker	British Seaside 1960–1970

June 2020	Shirley Baker	Punks 1980s

June 2020	Shirley Baker	Manchester and Salford Children in the 1960s

June 2020	Homer Sykes	Blitz Kids, Skins & Silver Spoons

June 2020	Homer Sykes	Sloanes and Rahs

June 2020	Homer Sykes	Biddy Boys Ireland 1972

June 2020	Homer Sykes	The Toxteth Riots 1981

June 2020	Stephen Clarke	Rhyl Caravan Parks

June 2020	Stephen Clarke	Rhyl Seafront

June 2020	Stephen Clarke	Ocean Beach Rhyl

June 2020	Ed Templeton	Lick

June 2020	Lionel Derimais	London 1982. One

June 2020	Lionel Derimais	London 1982. Two

June 2020	Lionel Derimais	London 1982. Three

June 2020	Barry Lewis	Coming and Going London 1977

June 2020	Barry Lewis	Soho 1990

June 2020	Barry Lewis	Blackpool 1984–1989

June 2020	Barry Lewis	Albania in Isolation 1990

June 2020	Barry Lewis	Albania in Transition 1991

June 2020	Janette Beckman	Raw Punk Streets UK 1979-1982

June 2020	Janette Beckman	Mods & Rockers Raw Streets UK 1979–1982

June 2020	Janette Beckman	Hip Hop Years New York 1982–1992

June 2020	John Claridge	New York in the 70s

June 2020	Syd Shelton	Crowds 1977–1981

June 2020	Robin Weaver	South Wales in the 1970s

June 2020	Ian Beesley	Streetlife Bradford 1970s–1980s

June 2020	Ian Beesley	Football Fans

June 2020	Stephen McCoy	Housing Estates Set 1. 1979

June 2020	Stephen McCoy	Housing Estates Set 2. 1980

June 2020	Stephen McCoy	Housing Estates Set 3. 1981–1983

June 2020	Stephen McCoy	Housing Estates Set 4. 1985

June 2020	Stephen McCoy	Housing Estates Set 5. 1983 - 1985  “The Edges”

June 2020	Stephen McCoy	Housing Estates Boxset

October 2020	Martin Parr	Chinatown 1984

October 2020	Martin Parr	Yates's

October 2020	Martin Parr	Prestwich Mental Hospital 1972

October 2020	Martin Parr	Abandoned Morris Minors of the West of Irleand

October 2020	Martin Parr	The British Seaside

October 2020	Martin Parr	Martin Parr BW Boxset

October 2020	John Darwell	Sheffield Meadowhall, Hyde Park, Ponds Forge

October 2020	John Darwell	Sheffield The Remains of Some Buildings Around the Don Valley

October 2020	John Darwell	Sheffield Things Seen Whilst Wandering Around Attercliffe

October 2020	John Darwell	Sheffield Tinsley Viaduct

October 2020	John Darwell	Sheffield in Transition

October 2020	John Darwell	Sheffield in Transition 1988–89

June 2020	John Bulmer	Manchester 1970s

June 2020	John Bulmer	Hartlepool 1960s

October 2020	Daniel Meadows	Stockport Gypsies 1971

October 2020	Daniel Meadows	Welfare State International 1976—1983

October 2020	Daniel Meadows	Pig Killing 1975—1976

October 2020	Daniel Meadows	Bancroft Shed Engine House 1976

October 2020	Daniel Meadows	Bancroft Shed Weaving 1976

October 2020	Daniel Meadows	Steeplejack 1976

October 2020	Daniel Meadows	Clayton Ward 1978

October 2020	Daniel Meadows	Weldone Boiler Fluers 1976-1977

October 2020	Daniel Meadows	The Daniel Meadows Archive in Nine People 

October 2020	Daniel Meadows	Eight Stories + One box set

September 2020	Chris Killip	Askam-in-Furness 1982

September 2020	Chris Killip	Isle of Man TT Races 1971

September 2020	Chris Killip	Huddersfield 1974

September 2020	Chris Killip	The Seaside 1975–1981

September 2020	Chris Killip	Shipbuilding on Tyneside 1975–1976

September 2020	Chris Killip	No Title

10/11/2020	Marc Vallée	Millbank and that Van

10/11/2020	Mark Pinder	Newcastle West End: Elswick to Newburn

November 2020	Homer Sykes	Druids 1996 London, Wiltshire, Oxfordshire

November 2020	Craig Atkinson	Alexandra Road Estate. Detail

01/10/2020	Amelia Troubridge	Soho 1997–1999

08/10/2020	Stephen Clarke	Rhyl

15/10/2020	Homer Sykes	The National Front 1970s–1980s

22/10.2020	Alan Lodge	Stonehenge 

29/10/2020	Vron Ware	Black People’s Day of Action 02.03.1981

05/11/2020	Nick Sargeant	The Album England 1960s

12/11/2020	Dorothy Bohm	Sussex 1960s–1980s

19/11/2020	Janine Wiedel 	Port of Dover 1989–90

19/11/2020	Janine Wiedel 	Leisure Time Dover 1989–90

26/11/2020	Mike Abrahams	Liverpool 1973–1989

26/11/2020	Mike Abrahams	Toxteth Liverpool 1979–1982

03/12/2020	Don Tonge	Bolton 1970s–1980s. One

03/12/2020	Don Tonge	Bolton 1970s–1980s. Two

03/12/2020	Don Tonge	Bolton 1970s–1980s. Three

10/12/2020	Steve McCoy	Housing Estates Set 5. 1983 - 1985 “The Edges”

17/12/2020	Russell Boyce	George Norris Rag and Bone Hull 1980s

Jan 2021	Barry Lewis	Being British 1975–2005

Jan 2021	Douglas Corrance	Scotland 1960s–1980s

Jan 2021	Syd Shelton	Street Portraits

Jan 2021	Barry Lewis	Spanish Villages 1980s

Jan 2021	Douglas Corrance	Glasgow 1970s–1980s

Feb 2021	Zack Rosebrugh	Tiny Huge + badge set

Feb 2021	Philip Wolmuth	Notting Hill 1970s

Feb 2021	Philip Wolmuth	King's Cross 1989–90

Feb 2021	Peter Dewhurst	Darnall 1970s 1 

Feb 2021	Peter Dewhurst	Darnall 1970s 2

Feb 2021	Homer Sykes	Sir Freddie Laker Inaugural Skytrain Flight 1977

Feb 2021	Mike Seabourne	London’s Docklands

Feb 2021	Tom Hunter	Down The Line

Feb 2021	Diane Bush	London East End

Feb 2021	Diane Bush	The Brits England in the 1970s

Feb 2021	Diane Bush	More The Brits England in the 1970s

Feb 2021	Diane Bush	Even More Brits England in the 1970s

Feb 2021	Hugh Hood	Glasgow Streets

Feb 2021	Hugh Hood	Glasgow Streets The New Era

Feb 2021	Hugh Hood	Glasgow, The River Underground

Feb 2021	Vron Ware	Black People’s Day of Action 02.03.1981

Feb 2021	Shirley Baker	Manchester and Salford on Holiday in the 1960s

Feb 2021	Colin McPherson	Berlin After The Wall 1992–94

Feb 2021	Paul Baldesare	Down the Tube Travellers on the London Underground 1987–1900

Feb 2021	Barry Lewis	Moscow December 1982

Feb 2021	Douglas Corrance	Glasgow 1970s–1980s

March 2021	Chris Miles	Notting Hill Carnival 1974

March 2021	Judah Passow	Divis Flats Belfast 1982

March 2021 1	David Moore	British Domestic Interiors 1986–88

March 2021 2	Peter Byrne	Wrestling in the North 1980s

March 2021 3	Fran May 	England 1970s

March 2021 4	Fran May 	Brick Lane 1970s

March 2021 5	Berris Connoly	Sheffield 1988–1992

April 2021	Jos Treen	Glasgow 1978

April 2021	Amelia Troubridge	Motörhead UK.1997

April 2021	Lionel Derimais	New York 1980. 1

April 2021	Lionel Derimais	New York 1980. 2

April 2021	Tony Davis	UK Rave 1991

May 2021	Richard Davis	Football Fans 1991

May 2021	Chris Miles	East End Shops & Cafes 1975–78

May 2021	Bertrand Carrière	Ireland 1986

May 2021	Daniel Meadows	Factory Records 1979–1980

May 2021	Marketa Luscakova	Ireland 1973

May 2021	Daniel Meadows	Factory Records 1979–1980

May 2021	Janine Wiedel 	Industry, West Midlands 1977–1979

May 2021	Janine Wiedel 	Industries The West Midlands 1977–1979

May 2021	Janine Wiedel 	Chainmaking The Black Country, West Midlands 1977

May 2021	Janine Wiedel 	Coal Mining West Midlands 1978

May 2021	Janine Wiedel 	Iron and Steel West Midlands 1978

May 2021	Janine Wiedel 	Jewellery Quarter Birmingham 1977

May 2021	Janine Wiedel 	The Potteries Stoke on Trent 1977

May 2021	Janine Wiedel 	Smiths’ Drop Forge Birmingham 1977

May 2021	John Walmsley	Architectural Association School of Architecture 1975

June 2021	Ian Beesley	Manchester and Salford 1980s

June 2021	David Hurn	Isle of Wight pop festival 1969 & 1970

June 2021	Bob Moore	Birmingham 1960s–1970s. 1

June 2021	Bob Moore	Birmingham 1960s–1970s. 2

June 2021	Bob Moore	Birmingham 1960s–1970s. 3

June 2021	Peter Marshall	 The Streets of Hull 1979–85

June 2021	Douglas Corrance	Scotland 1960s–1980s

June 2021	Homer Sykes	Blitz Kids, Skins & Silver Spoons

June 2021	Neil Martinson	Hackney 1970s–1980s

June 2021	Janette Beckman	Hip Hop Years New York 1982–1992

June 2021	David Hurn	Wales 1970s–2010s box set

June 2021	David Hurn	Wales 1970s

June 2021	David Hurn	Wales Steel & Coal

June 2021	Christian Louis	Alternative Theatre Paris 1965–75

June 2021	Christian Louis	Aubervilliers 1979–1980

June 2021	Christian Louis	Estonia Summer 1989

June 2021	Christian Louis	Le Blanc-Mensil 1987–1988

June 2021	Christian Louis	Moscow Autumn 1987

June 2021	Christian Louis	Nationale 7 1984–1985

June 2021	Christian Louis	Romanville 1992–1993

June 2021	Christian Louis	UK 1997

June 2021	Christian Louis	Christian Louis Documentary

June 2021	Christian Louis	A Mystery Journey

June 2021	Christian Louis	A Platform Ticket

June 2021	Christian Louis	Journal du nouveau siècle

June 2021	Christian Louis	Le Cirque Romanes

June 2021	Christian Louis	Le Cirque Romanes Revisited

June 2021	Christian Louis	Sherlock a Paris

June 2021	Christian Louis	Sherlock in London

June 2021	Christian Louis	The Journey to Gargano

June 2021	Christian Louis	Christian Louis Narrative

June 2021	Christian Louis	Documentary Box set

June 2021	Christian Louis	Narrative Box set

July 2021	Dorothy Bohm	Paris 1940s–1980s

July 2021	Ron Reid / Nicky Akehurst	Glastonbury 1971

July 2021	Douglas Corrance	New York 1970s–1980s

July 2021	Syd Shelton	The Battle of Lewisham 1977

July 2021	Rory Carnegie	Autoportraits London 1982

August 2021	Tony Davis	House Train Italy 1991

August 2021	John Davies	Cotton Mills 1983–1986

August 2021	John Benton Harris	Walking London 1965–1988

August 2021	Roger Taylor	Petticoat Lane London 1966

August 2021	Bob Watkins	New York 1980–2005

August 2021	Tim Soter	Electronic Music New York City 1995

August 2021	Chris Steele-Perkins	Wolverhampton 1978

September 2021	Chris Steele-Perkins	Brixton 1973–1975

September 2021	Craig Atkinson	The Barbican Estate

September 2021	Virginia Turbett	"Glasgow 1978–1979

"

September 2021	Mike Seaborne	London’s Docklands 2

September 2021	Wally Cassidy	Protest. Dublin City1989–1993

September 2021	Wally Cassidy	Manic Street Preachers Ireland 1991

October 2021	Andrew Moore	The Troubles. Belfast 1980s–1990s

October 2021	Martin Stott	"English Worker Co-operative Movement 1980s

"

October 2021	Andrew Borowiec	"Johnstown, Pennsylvania 1988

"

October 2021	John Davies	Rhymney Valley 1984

October 2021	Martin Shakeshaft	The Miners’ Strike 1984–1985

November 2021	Garry Stuart	"Hirael, North Wales 1976

"

November 2021	Keith Pattison	Miners Strike

November 2021	Dorothy Bohm	BOXSEt

November 2021	Dorothy Bohm	Mexico1950s–1970s

November 2021	Dorothy Bohm	New York 1950s–1970s

November 2021	Mike Abrahams	West Belfast 1985–1988

November 2021	Bela Doka	God is Everywhere

November 2021	Craig Atkinson	Someone Else’s Wedding

December 2021	Yan Morvan	London Punk & Protest 1979–1981

December 2021	Yan Morvan	London Subculture 1979–1981

December 2021	Syd Shelton	Street Portraits 2

December 2021	Mike Abrahams	One Day in July Northern Ireland 1987–1998

December 2021	Mike Abrahams	Ardoyne, Belfast 1986–1988

December 2021	David Hoffman	"EAST END BOX SET DH TO SIGN SLIPSProtest, Parfett (recreation)and Fieldgate 1&2, EEd&C housing tower hamlets"

January 2022	Mike Abrahams	Borderlands 1984–1993

January 2022	David Hoffman	Parfett St Evictions 1973

January 2022	Bob Moore	Circus

January 2022	Diane Bush	Brits 4

January 2022	Lionel Derimais	Tokyo Subway

January 2022	Syd Shelton	West Belfast 1979

January 2022	Ron McCormick	Triumph Workers Lock-In  1974

January 2022	Ron McCormick	Whitechapel 1970s Part One

January 2022	Ron McCormick	Whitechapel 1970s Part Two

January 2022	David Moore	English Dom

January 2022	Amelia Troubridge	Motörhead UK.1997

January 2022	Daniel Meadows	Factory Records 1979–1980

January 2022	Amelia Troubridge	Manchester 1997–2001

January 2022	Tony Davis	UK Rave 1991

January 2022	Tony Davis	House Train Italy 1991

February 2022	Charalampos Kydonakis	"Bulgaria, Greece, Turkey

2009–2017"

February 2022	Charalampos Kydonakis	"Belgium, Netherlands, Sweden, Norway, Germany

2009–2014"

February 2022	Charalampos Kydonakis	"Italy, Portugal, Spain

2008–2019"

February 2022	David Hoffman	Whitechapel Markets 1972–1977

February 2022	Daniel Meadows	Us And Them England 1981–1985

February 2022	Berris Connoly	London/1967

February 2022	Berris Connoly	Hackney

February 2022	Ron Reid / Nicky Akehurst	Glastonbury 1971

February 2022	Craig Atkinson	The Barbican Estate London

February 2022	Peter Byrne	Wrestling in the North 1980s

March 2022	J A Mortram	Small Town Inertia Diary Entries

	Richard Davis	Football Fans 1991

March 2022	Richard Davis	The Madchester Years 1989–91

March 2022	Uwe Bedenbecker	Brighton 1984

March 2022	Pete Davis	Cardiff 1969–1977

March 2022	Janine Wiedel 	Baffin Island Eskimos 1974

	J A Mortram	Small Town Inertia Diary Entries 2

April 2022	Daniel Meadows & Martin Parr	June Street, Salford, 1973

April 2022	Martin Parr	China

April 2022	Martin Parr	India

April 2022	Daniel Meadows	Butlin's Filey 1972'

April 2022	Jenny Matthews	Women & Work

April 2022	Café Royal Books 	Documentary, Zines and Subversion

April 2022	David Hoffman	Housing. Tower Hamlets & Hackney 1972–1993

April 2022	Craig Atkinson	Trellick Tower London

April 2022	Daniel Meadows	Grafitti 1971–1983

April 2022	Pogus Cesar	Handsworth Riots 1985

May 2022	Iain McKell	Weymouth '76—'77 The Watchers

May 2022	Brian David Stevens	Notting Hill Sound Systems 

May 2022	Janine Wiedel 	Greenham Common Women’s Peace Camp 1983–84

May 2022	Homer Sykes	Stonehenge:1970’s Counterculture

May 2022	Amelia Troubridge	Urban Cowboys Dublin 1996

May 2022	Chris Steele-Perkins	Wolverhampton 1978

May 2022	Steve McCoy	Failed Projects

May 2022	Steve McCoy	Van Dashboards

May 2022	Stephanie McCoy	Stand in Steve

May 2022	Kwasi Boyd Bouldin	Winter in Los Angeles

May 2022	Gerald Cyrus	Harlem Nights

May 2022	Michael Wyeth	The Base Jazz Club

May 2022	Charles Traub	Northern Ireland August 1985

May 2022	Amelia Troubridge	Chaos. England 1996–2021

May 2022	Steve Hammond	Spitalfields 1977

May 2022	Dragan Novaković	Crufts 1974

May 2022	Syd Shelton	Rock Against Racism Live. 1977–1981

June 2022	Jeremy Sutton-Hibbert	Glasgow 1990s

June 2022	Jeremy Sutton-Hibbert	Queen’s Golden Jubilee Glasgow 2002

June 2022	Reg Tucker	London 1967–1972

June 2022	Luis Bustamante	Hull

June 2022	Luis Bustamante	Hull

July 2022	Robin Grierson	Ascot

July 2022	Rachel Megawhat	Imperial Gardens London 1990s

July 2022	David Hoffman	East End Protest 1973–1994

July 2022	Mike Coles	Blackpool 1967

July 2022	Jane Simon	Fashion, Music, London 1980s

July 2022	Ian Beesley	Through the Mill

	Colm Pierce	Sheriff Street Dublin 1989 One

	Colm Pierce	Sheriff Street Dublin 1989 Two

July 2022	John Darwell	San Francisco to Los Alamos to photograph the Trinity Site 1996

August 2022	Alice Arnold	Goldie, Timeless Marc Ballroom NYC Nov 1995

August 2022	Daniel Ladnar	"Sunny Beach

 February 2005"

August 2022	Philippe Mussler	"Venice Beach

2013–2019"

August 2022	Russell Boyce	Star and Garter

August 2022	David Corio	Fans and Clubbers

August 2022	Ian MacDonald	Offshore

August 2022	Ian Beesley & Ian McMillan	Photographs and Poems

August 2022	Lionel Derimais	Moulton

September 2022	Carolyn Scott	Rye Hill 1968

September 2022	Kemal Cengizkan	Manchester 1975-1976

September 2022	Janine Wiedel 	High-Rise 1983 One

September 2022	Janine Wiedel 	High-Rise 1983 Two

September 2022	Rob Judges	Oxford 1978

October 2022	Mike Coles	Northern England 1967–1973

October 2022	Robin Weaver	South Wales Summer Carnivals 1970s

October 2022	Tony Davis	World Cup USA 1994

October 2022	Peter Fryer	"Workington 1982–1983

Part One"

October 2022	Peter Fryer	"Workington 1982–1983

Part Two"

November 2022	Richard Davis	The Post Punk Years 1988–1991

November 2022	Richard Davis	Berlin November 1989

November 2022	Peter Fryer	"Workington 1982–1983

Part Three"

November 2022	Ron McCormick	Southend on Sea 1972

November 2022	Mike Abrahams	Glasgow 1986–1999

November 2022	Peter Fryer	Allotments

November 2022	John Claridge	New York 1970s

December 2022	Mike Abrahams	Kentish Town

December 2022	Mike Coles	Coney Island

December 2022	David Hurn	Newport 1967–2008

December 2022	David Hoffman	Around Whitechapel 1972–1992

December 2022	David Hoffman	Fieldgate Mansions 1973–1985